"Pos","Ambler Position","WT AA","Amp0.25","Amp0.5","Amp1","Amp2","Amp4","Amp8","Amp16","Amp32","Amp64","Amp128","Amp256","Amp512","Amp1024","Total Counts","Fitness","Error in Fitness"
1,3,"M",2,22,247,1045,261,11,6,0,0,0,0,0,0,1594,0.0107500406278972,"4.132120338019005E-4"
2,4,"S",0,0,0,2,0,0,1,3,14,125,118,29,1,293,0.825869594219112,"6.1144801854550145E-2"
3,5,"I",1,0,3,0,0,1,0,6,18,113,125,36,0,303,0.856651815572006,"6.2605411769663E-2"
4,6,"Q",0,1,3,4,1,0,1,19,42,160,137,6,0,374,0.6992582602317,"4.7104470817559523E-2"
5,7,"H",0,1,1,5,1,0,0,3,10,64,43,1,0,129,0.72699941376414,"7.3936974739766598E-2"
6,8,"F",0,2,26,9,0,1,0,29,61,107,58,1,0,294,0.530333455460335,"3.9212491899080409E-2"
7,9,"R",1,1,0,3,0,1,0,15,42,114,94,2,0,273,0.663852942558554,"5.051295485144254E-2"
8,10,"V",2,0,1,3,2,1,0,9,34,208,176,38,2,476,0.776785200945807,"4.7664263433222921E-2"
9,11,"A",0,1,2,15,0,0,3,13,40,223,159,12,0,468,0.725956460576085,"4.4838519388702106E-2"
10,12,"L",0,1,1,0,0,0,0,2,9,51,53,5,0,122,0.822497896619547,"8.5475052347568234E-2"
11,13,"I",0,0,2,7,2,2,5,69,108,70,26,0,0,291,0.346374992371812,"2.5712587132591821E-2"
12,14,"P",0,4,3,8,0,0,3,13,40,100,70,5,0,246,0.637813319239341,"5.0527467534166572E-2"
13,15,"F",3,1,4,3,1,1,4,9,14,107,87,11,2,247,0.748758838908732,"5.9223500729813403E-2"
15,17,"A",0,0,0,0,0,0,1,2,0,16,24,59,0,102,1.17756138599162,"0.13115387408241483"
16,18,"A",1,1,0,0,0,0,0,0,2,18,27,14,0,63,0.951043463448623,"0.12763841609969404"
17,19,"F",3,2,1,0,0,0,0,0,0,0,0,1,0,7,0.00143193740836497,"4.4977667264858645E-4"
18,20,"C",17,2,2,4,2,12,96,156,59,2,0,0,0,352,0.145775219190058,"1.0053042677888596E-2"
19,21,"L",1,0,0,1,0,5,16,109,122,45,0,0,0,299,0.241495002891631,"1.7739820970034723E-2"
20,22,"P",0,4,0,0,0,0,0,4,4,3,0,0,0,15,0.285145567890382,"6.6687608330294829E-2"
21,23,"V",1,8,0,2,0,0,1,6,1,1,0,0,0,20,0.182512639910833,"3.8187407225332821E-2"
22,24,"F",2,1,0,2,1,8,29,119,78,4,0,0,0,244,0.179255365007063,"1.4245514326881219E-2"
25,27,"P",1,2,0,2,1,1,3,25,78,71,3,0,0,187,0.378354073844894,"3.3328943468121597E-2"
26,28,"E",0,0,0,0,0,0,1,9,19,25,9,0,0,63,0.455550338331511,"6.1138871011708423E-2"
27,29,"T",0,0,24,41,13,2,0,0,0,1,0,0,0,81,0.0107872572922424,"1.3135698421061211E-3"
28,30,"L",6,70,112,5,0,0,0,0,0,0,0,0,0,193,0.00287849083767481,"2.5048400969068687E-4"
29,31,"V",11,59,115,15,0,0,0,0,0,0,0,0,0,200,0.00286159161045844,"2.4560368549656815E-4"
30,32,"K",27,86,132,2,0,0,0,0,0,0,0,0,0,247,0.00226110236066006,"1.7884316063887767E-4"
31,33,"V",17,27,6,0,0,0,0,0,0,0,0,0,0,50,0.00159333009029694,"2.3384613708660982E-4"
32,34,"K",71,137,10,0,0,0,0,0,0,0,0,0,0,218,0.00160695705239385,"1.3339742329749216E-4"
33,35,"D",4,10,44,166,213,122,0,0,0,0,0,0,0,559,0.0178003453414308,"1.0263745915946546E-3"
34,36,"A",2,62,285,208,27,7,0,0,0,0,0,0,0,591,0.00660691592216601,"3.7283807666669996E-4"
35,37,"E",0,0,7,38,27,152,63,7,0,0,0,0,0,294,0.0395297931998966,"2.9228057925891168E-3"
36,38,"D",1,1,1,3,2,9,5,19,39,121,80,5,0,286,0.632592655136575,"4.7275521058901565E-2"
37,39,"Q",1,0,0,1,0,1,0,13,65,105,24,14,0,224,0.511388548383316,"4.2007888194014166E-2"
38,40,"L",0,1,0,6,0,0,0,16,53,151,69,10,0,306,0.607170136973514,"4.4204048319017752E-2"
39,41,"G",2,0,0,5,4,4,18,144,217,149,2,0,0,545,0.298611884268832,"1.7387913678322139E-2"
40,42,"A",0,0,3,5,1,0,1,25,89,275,169,59,0,627,0.668491617403281,"3.6870519889622998E-2"
41,43,"R",7,1,5,53,80,276,126,16,4,12,13,1,1,595,0.0398506578306903,"2.2429689575888413E-3"
42,44,"V",37,0,0,0,2,9,1,1,0,2,1,0,0,53,0.00119091187733032,"1.7088765845753399E-4"
43,45,"G",78,0,0,1,0,1,0,0,0,0,0,0,0,80,0.00119091187733032,"1.4571680341993637E-4"
44,46,"Y",92,0,0,0,0,0,0,0,0,0,0,0,1,93,0.00119091187733032,"1.3746829919470197E-4"
45,47,"I",59,0,0,0,0,1,0,0,0,0,0,0,0,60,0.00119091187733032,"1.6287743696044324E-4"
46,48,"E",81,0,0,0,1,0,0,0,0,0,0,0,0,82,0.00119091187733032,"1.4433095979681098E-4"
47,49,"L",29,0,0,0,0,0,0,0,0,0,0,0,0,29,0.00119091187733032,"2.1580297893149461E-4"
48,50,"D",154,420,141,0,0,0,0,0,0,0,0,0,0,715,0.00180022246074387,"9.4370351286140929E-5"
49,51,"L",22,51,18,16,26,125,111,27,0,0,0,0,0,396,0.0587760161446915,"3.8727364499426186E-3"
50,52,"N",4,0,0,5,5,13,23,70,134,147,30,1,0,432,0.397561114685214,"2.53278032289646E-2"
51,53,"S",1,5,1,0,1,3,9,29,76,159,53,1,0,338,0.522909215984013,"3.6632062121324124E-2"
52,54,"G",2,6,61,184,131,19,0,0,2,0,2,0,0,407,0.0136398267361304,"8.8924544885297864E-4"
53,55,"K",1,0,8,30,37,80,164,46,1,0,0,1,0,368,0.0671805118054564,"4.5539267030294877E-3"
54,56,"I",5,4,66,364,473,250,14,4,0,0,0,0,0,1180,0.0182941339261763,"7.8998592056816184E-4"
55,57,"L",4,5,18,103,112,337,427,107,1,0,0,0,0,1114,0.0610336441078175,"2.6949490938835518E-3"
56,58,"E",12,175,715,366,25,26,49,10,0,1,0,0,0,1379,0.00512988180745897,"2.0855558379291806E-4"
57,59,"S",131,562,239,39,3,0,1,0,0,1,0,1,0,977,0.00208080906496935,"9.6664914008419076E-5"
58,60,"F",625,88,17,2,0,1,0,1,1,0,0,0,0,735,0.00123837888434774,"6.422826224268759E-5"
59,61,"R",51,2,3,0,0,0,0,0,0,0,0,0,0,56,0.00121712337716362,"1.7096675605730681E-4"
60,62,"P",11,1,4,51,158,223,25,2,0,0,0,0,0,475,0.0261408602182087,"1.6053335487794286E-3"
61,63,"E",4,22,288,564,165,9,1,0,0,0,0,0,0,1053,0.0101192063634886,"4.5665951065087271E-4"
62,64,"E",3,0,56,62,23,0,0,0,0,0,0,0,0,144,0.00999023053327665,"9.736773323265679E-4"
63,65,"R",13,0,2,4,2,1,0,0,0,0,0,0,0,22,0.00122920118288031,"2.4787414315137772E-4"
64,66,"F",93,0,0,2,0,0,0,0,0,0,0,0,0,95,0.00119091187733032,"1.3634098438934135E-4"
65,67,"P",47,1,0,0,0,0,0,0,0,1,0,0,0,49,0.00119727238931863,"1.7709769885633576E-4"
66,68,"M",148,0,0,0,0,0,1,0,0,0,0,0,0,149,0.00119091187733032,"1.1454664531081719E-4"
67,69,"M",25,0,0,0,1,0,0,0,0,0,0,0,1,27,0.00119091187733032,"2.2185421476764365E-4"
68,70,"S",65,0,0,0,0,0,0,0,0,0,0,0,0,65,0.00119091187733032,"1.5790940296496944E-4"
69,71,"T",102,0,0,0,0,0,0,0,1,0,0,0,0,103,0.00119091187733032,"1.3214095907798296E-4"
70,72,"F",63,0,0,0,0,0,0,0,0,0,0,0,0,63,0.00119091187733032,"1.5983087164655834E-4"
71,73,"K",22,0,0,0,0,0,0,0,0,0,0,0,0,22,0.00119091187733032,"2.4015292636664804E-4"
72,74,"V",12,0,0,0,0,0,0,0,0,0,0,0,0,12,0.00119091187733032,"3.0364233210022142E-4"
73,75,"L",7,0,0,0,0,0,0,0,0,0,0,0,0,7,0.00119091187733032,"3.7406968941116502E-4"
74,76,"L",6,0,0,0,0,0,0,0,0,0,0,0,0,6,0.00119091187733032,"3.9706437789034302E-4"
75,77,"C",5,0,0,0,0,0,0,0,0,0,0,0,0,5,0.00119091187733032,"4.2609267559432288E-4"
77,79,"A",12,0,1,0,0,0,1,0,0,0,0,0,0,14,0.00121172103378659,"2.9105625084540932E-4"
78,80,"V",5,0,0,0,0,0,0,1,0,0,1,0,0,7,0.00119091187733032,"3.7406968941116502E-4"
79,81,"L",21,0,0,0,0,0,0,0,0,0,1,0,0,22,0.00119091187733032,"2.4015292636664804E-4"
80,82,"S",21,5,0,0,0,0,0,0,0,0,0,0,0,26,0.00125859778810657,"2.3791296663558544E-4"
81,83,"R",44,266,132,13,1,0,1,0,0,0,0,1,0,458,0.00221500215544036,"1.3795741468171856E-4"
82,84,"V",17,82,239,125,14,1,0,0,0,0,1,0,1,480,0.00429965654434649,"2.6297789252577043E-4"
83,85,"D",17,132,328,99,0,0,0,0,0,0,0,1,0,577,0.00360811953745871,"2.0550940959125302E-4"
84,86,"A",2,20,133,152,56,6,0,0,0,0,0,0,0,369,0.00922767289038998,"6.2485438390968214E-4"
85,87,"G",0,0,12,22,44,66,5,0,0,0,1,0,0,150,0.0235496146707939,"2.2592397576512483E-3"
86,88,"Q",0,0,1,12,16,55,69,9,0,0,0,0,0,162,0.0569267150508916,"5.3010224918907597E-3"
87,89,"E",0,1,15,42,33,29,9,1,0,0,0,0,0,130,0.0195807391996257,"1.9854494740312754E-3"
88,90,"Q",2,0,9,57,133,187,12,1,0,0,0,0,0,401,0.0244454892403185,"1.6029046735315041E-3"
89,91,"L",15,115,337,165,25,32,1,0,0,0,1,0,0,691,0.00465855029345125,"2.4745635871302408E-4"
90,92,"G",44,257,389,38,0,1,0,0,0,0,1,0,0,730,0.00267699975267995,"1.3920928988508848E-4"
91,93,"R",45,318,1316,451,19,0,0,0,0,0,0,0,0,2149,0.00430818886025955,"1.4751801998048991E-4"
92,94,"R",6,47,208,62,6,0,0,0,0,0,0,0,0,329,0.0044472519868518,"3.1482032232091816E-4"
93,95,"I",68,3,9,1,0,0,0,0,0,0,0,0,0,81,0.00123657996549024,"1.5057897536093244E-4"
94,96,"H",15,17,193,111,34,0,0,0,0,0,0,0,0,370,0.00571026271930832,"3.862672223127274E-4"
95,97,"Y",49,318,287,27,3,0,0,0,0,0,0,2,0,686,0.00244868876810961,"1.3043735700746009E-4"
96,98,"S",21,61,53,12,15,67,213,98,2,0,0,0,0,542,0.0864511743589469,"5.0447425443982535E-3"
97,99,"Q",3,4,1,2,5,19,52,56,2,0,0,0,0,144,0.108432470997891,"1.0568148427319258E-2"
98,100,"N",1,2,1,6,8,41,104,37,3,0,0,0,0,203,0.0815363248795166,"6.9578650252101418E-3"
99,101,"D",0,0,3,7,7,30,49,9,0,0,0,0,0,105,0.0646012682322032,"7.1148642652665061E-3"
100,102,"L",10,105,402,152,8,3,8,1,0,0,0,0,0,689,0.00452848813631444,"2.4081760303801508E-4"
101,103,"V",5,16,91,139,144,233,13,2,0,0,0,0,0,643,0.0231855695394433,"1.2663855778212887E-3"
102,104,"E",3,8,103,220,173,64,2,0,0,0,0,0,0,573,0.0146471297559442,"8.3651267164241245E-4"
103,105,"Y",19,179,499,123,33,5,0,0,0,0,0,0,0,858,0.00417030804676595,"2.0372033870633602E-4"
104,106,"S",340,358,94,12,3,0,0,0,0,0,0,0,0,807,0.0014947254557044,"7.4769970061536105E-5"
105,107,"P",163,309,40,1,0,0,0,0,0,0,0,1,0,514,0.00161853495349785,"9.6406249906045332E-5"
106,108,"V",184,275,14,0,0,1,0,0,0,0,0,0,0,474,0.00153329213791057,"9.4237666684400352E-5"
107,109,"T",222,293,3,0,0,1,0,0,0,0,0,0,0,519,0.00149369695555637,"8.8637717130484944E-5"
108,110,"E",54,47,3,35,34,112,225,54,0,0,0,0,0,564,0.0683395627808401,"3.9269287058425698E-3"
109,111,"K",7,6,0,1,2,10,42,12,0,0,0,0,0,80,0.0819708019002419,"1.0029728860751866E-2"
110,112,"H",1,0,3,24,17,60,224,109,7,1,0,0,0,446,0.0897818271310145,"5.6496518107957173E-3"
111,113,"L",4,4,1,3,4,15,43,68,72,64,3,1,0,282,0.239024681688156,"1.7960655280175691E-2"
112,114,"T",0,1,1,2,1,5,9,54,101,52,10,0,0,236,0.311940732255696,"2.5111981113137796E-2"
113,115,"D",2,0,1,10,0,5,21,49,28,7,2,0,0,125,0.176277374768631,"1.8147559667057424E-2"
114,116,"G",7,0,4,30,93,132,31,8,2,1,0,0,0,308,0.0280303069975534,"2.0355630598346999E-3"
115,117,"M",80,4,2,6,14,22,9,1,0,0,0,0,0,138,0.00121192696549931,"1.2007955675876111E-4"
116,118,"T",103,2,0,0,1,1,0,0,0,0,1,0,0,108,0.00119671917355508,"1.3037162831008479E-4"
117,119,"V",60,0,0,0,0,0,0,0,0,0,0,0,0,60,0.00119091187733032,"1.6287743696044324E-4"
118,120,"R",30,0,0,0,0,2,0,0,0,0,0,0,0,32,0.00119091187733032,"2.0773631283084058E-4"
119,121,"E",24,0,0,0,0,0,0,0,0,0,0,0,0,24,0.00119091187733032,"2.3220079910750294E-4"
120,122,"L",12,0,0,0,0,0,0,0,0,0,0,0,0,12,0.00119091187733032,"3.0364233210022142E-4"
121,123,"C",23,0,0,0,0,0,0,0,0,0,0,0,0,23,0.00119091187733032,"2.3605694811781389E-4"
122,124,"S",33,0,0,0,0,0,0,0,0,0,0,0,1,34,0.00119091187733032,"2.029191898109883E-4"
123,125,"A",49,0,0,0,0,0,0,0,0,0,0,0,0,49,0.00119091187733032,"1.7615686697319268E-4"
124,126,"A",44,0,0,0,0,0,0,0,0,0,0,0,0,44,0.00119091187733032,"1.8364929891243035E-4"
125,127,"I",91,0,0,0,0,0,0,0,2,0,0,0,0,93,0.00119091187733032,"1.3746829919470197E-4"
126,128,"T",199,355,19,0,0,0,0,0,0,0,0,0,0,573,0.00157980855080591,"9.0224494050233106E-5"
127,129,"M",319,90,5,0,0,0,0,0,0,0,0,0,1,415,0.00127394290127439,"8.2431116764329973E-5"
128,130,"S",94,10,0,0,0,0,0,0,0,0,0,0,0,104,0.00122208491654052,"1.3509376813216714E-4"
129,131,"D",23,2,1,0,0,0,0,0,1,0,0,0,0,27,0.0012271131666685,"2.2859812989065197E-4"
130,132,"N",22,1,0,0,0,0,1,1,0,0,0,0,0,25,0.00120442282962724,"2.3115432806773977E-4"
131,133,"T",23,0,0,0,0,0,0,1,0,0,0,0,0,24,0.00119091187733032,"2.3220079910750294E-4"
132,134,"A",68,0,0,0,0,0,0,0,0,0,0,0,0,68,0.00119091187733032,"1.5517598518775239E-4"
133,135,"A",37,0,0,0,0,0,0,0,0,0,0,0,0,37,0.00119091187733032,"1.9638639288775835E-4"
134,136,"N",82,0,0,0,0,0,0,0,0,0,0,0,0,82,0.00119091187733032,"1.4433095979681098E-4"
135,137,"L",47,0,0,0,0,0,0,0,0,0,0,1,0,48,0.00119091187733032,"1.775681629541918E-4"
136,138,"L",16,0,0,0,0,0,0,0,0,0,0,0,0,16,0.00119091187733032,"2.716508243395593E-4"
137,139,"L",15,0,0,0,0,0,0,0,0,0,0,0,0,15,0.00119091187733032,"2.7852112666128286E-4"
138,140,"T",273,554,148,3,0,1,0,0,0,0,0,0,0,979,0.00167958783774284,"7.7964276555072219E-5"
139,141,"T",148,265,76,1,0,1,0,0,0,0,0,0,0,491,0.0016460513608168,"9.9797733599888417E-5"
140,142,"I",70,164,238,93,3,0,0,0,0,0,0,0,0,568,0.00206748241574979,"1.1847721927289075E-4"
141,143,"G",12,28,75,27,21,66,329,285,54,7,0,0,0,904,0.118388019052199,"5.6675636347891852E-3"
142,144,"G",2,4,4,5,4,14,56,53,16,0,0,1,1,160,0.122110080609827,"1.1425702677884892E-2"
143,145,"P",29,179,144,18,0,4,2,4,1,0,0,0,0,381,0.00241229571852796,"1.6133864839928339E-4"
144,146,"K",121,312,194,5,0,0,1,0,0,0,0,0,0,633,0.00187298634526354,"1.0292413111316445E-4"
145,147,"E",230,401,75,0,0,1,1,0,1,0,0,0,0,709,0.00161069188965525,"8.4710688738648992E-5"
146,148,"L",88,14,3,0,0,0,0,0,0,0,0,0,0,105,0.00124511166837752,"1.3713044276102211E-4"
147,149,"T",78,0,0,0,0,0,0,0,0,0,0,0,0,78,0.00119091187733032,"1.4715155280213522E-4"
148,150,"A",162,12,1,0,0,0,0,0,0,0,0,0,0,175,0.00121429598400298,"1.0974750803067286E-4"
149,151,"F",61,0,0,0,0,0,0,0,0,0,0,0,0,61,0.00119091187733032,"1.6183886142239436E-4"
150,152,"L",62,1,0,0,0,0,0,0,0,0,1,1,0,65,0.00119573944108824,"1.5854951557556612E-4"
151,153,"H",350,373,4,0,0,0,0,0,0,0,0,0,0,727,0.0014476388591347,"7.5400156853110635E-5"
152,154,"N",640,308,1,0,1,0,0,0,0,0,0,0,0,950,0.00132087720309072,"6.2031065844139253E-5"
153,155,"M",200,258,14,0,0,0,0,0,0,0,0,0,1,473,0.00149863254837398,"9.2182765549918481E-5"
154,156,"G",61,73,57,284,300,226,1,0,0,0,1,1,0,1004,0.0181844883606269,"8.3590317209138523E-4"
155,157,"D",161,14,1,11,13,10,0,0,0,1,0,0,0,211,0.00121802589204454,"1.0239648390579224E-4"
156,158,"H",67,23,34,23,3,1,0,0,0,0,0,0,0,151,0.00139883640434606,"1.3385317634933723E-4"
157,159,"V",117,519,554,21,3,6,0,0,0,0,0,0,0,1220,0.0022918404949734,"9.7698741234111537E-5"
158,160,"T",182,136,124,3,0,1,0,0,0,0,0,0,0,446,0.00151596957846804,"9.5394586496943393E-5"
159,161,"R",334,160,4,0,0,0,0,0,0,0,0,0,0,498,0.00132262401298165,"7.9750695935581719E-5"
160,162,"L",186,37,2,0,0,0,0,0,0,0,0,0,0,225,0.00125051345443464,"1.0254619918449383E-4"
161,163,"D",55,571,15,0,0,0,0,0,0,0,0,0,0,641,0.00207512359413373,"1.1347906396333675E-4"
162,164,"R",91,843,4,0,0,0,0,0,0,0,0,0,0,938,0.00203524424000602,"9.6050553037072114E-5"
163,165,"W",49,829,15,0,0,0,0,0,0,0,0,0,0,893,0.00217304076166178,"1.0452355978242323E-4"
164,166,"E",144,912,5,0,0,1,0,0,0,0,0,0,0,1062,0.00193400083654798,"8.699059543796901E-5"
165,167,"P",55,395,682,196,1,0,0,0,0,0,0,0,0,1329,0.00319919667356685,"1.3193578513563553E-4"
166,168,"E",20,76,181,49,2,14,68,226,59,4,0,0,0,699,0.153248299917104,"8.1041754046405744E-3"
167,169,"L",9,40,390,771,144,1,5,17,2,1,0,0,0,1380,0.0091635834690014,"3.7244141465681203E-4"
168,170,"N",2,7,61,138,160,102,25,2,0,0,0,0,1,498,0.0190408469830185,"1.1481122247851664E-3"
169,171,"E",1,1,12,21,37,23,13,71,90,72,0,0,0,341,0.290322107520697,"2.0268891462833678E-2"
170,172,"A",0,1,1,1,2,2,4,36,44,49,9,0,0,149,0.359636161879044,"3.4591237739647056E-2"
171,173,"I",4,8,2,3,0,2,2,12,46,112,51,0,0,242,0.588863750804016,"4.6946596024710727E-2"
172,174,"P",0,1,0,0,2,0,3,34,57,39,15,0,0,151,0.357582053358529,"3.421664856508573E-2"
173,175,"N",2,3,0,5,1,4,26,96,54,9,1,0,0,201,0.182607308801025,"1.5642534292725239E-2"
174,176,"D",3,20,165,309,289,164,11,21,10,1,0,0,0,993,0.0162159429123547,"7.4859803279525951E-4"
175,177,"E",4,10,70,182,201,181,9,1,1,0,0,0,1,660,0.0187978434976757,"1.016413349488049E-3"
176,178,"R",1,5,13,48,64,81,145,121,27,0,0,0,0,505,0.106159684661058,"6.3666604784412542E-3"
177,179,"D",330,579,2,7,3,7,33,28,6,0,0,0,0,995,0.00156124931062541,"7.201791788285887E-5"
178,180,"T",574,168,1,1,1,1,2,1,0,0,0,0,0,749,0.00127349765463855,"6.5569144893355379E-5"
179,181,"T",260,18,0,1,0,2,1,0,0,0,0,0,0,282,0.00121137533518954,"9.1024469341756284E-5"
180,182,"M",107,15,631,5,1,0,0,0,0,0,0,0,0,759,0.00229477530432016,"1.1754723939211567E-4"
181,183,"P",19,2,56,0,0,0,0,0,0,0,0,0,0,77,0.00184069524817983,"2.2857872949032154E-4"
182,184,"A",80,0,6,0,0,0,0,0,0,0,0,0,0,86,0.00120964745375438,"1.4392417507103915E-4"
183,185,"A",24,0,0,0,0,0,0,0,0,2,0,0,0,26,0.00119091187733032,"2.2511828672721294E-4"
184,186,"M",42,0,0,0,0,0,0,1,0,0,0,0,0,43,0.00119091187733032,"1.8529050639768882E-4"
185,187,"A",34,1,0,0,0,0,0,0,0,0,0,0,0,35,0.0011996874373215,"2.0213411244290286E-4"
186,188,"T",76,0,0,0,0,0,0,0,0,0,0,0,0,76,0.00119091187733032,"1.486382557656598E-4"
187,189,"T",13,0,0,0,0,0,0,0,0,0,0,0,0,13,0.00119091187733032,"2.9438073358485932E-4"
188,190,"L",71,0,0,0,0,0,0,0,0,0,0,0,0,71,0.00119091187733032,"1.5260490033925105E-4"
189,191,"R",50,380,984,163,1,0,0,0,0,0,1,0,0,1579,0.00333925753534969,"1.2882550817136005E-4"
190,192,"K",33,167,630,535,94,0,0,0,0,0,0,0,0,1459,0.0067025152010046,"2.6660865477054865E-4"
191,193,"L",8,21,125,124,32,11,7,0,0,0,0,0,0,328,0.00854059031368336,"6.0529982165867882E-4"
192,194,"L",6,4,16,18,24,51,33,1,0,0,0,0,0,153,0.0356702232636635,"3.3959092648487427E-3"
193,195,"T",5,2,3,5,2,2,7,89,129,68,0,0,0,312,0.282310904913493,"2.0399318564190666E-2"
194,196,"G",7,1,5,2,2,1,3,22,53,105,95,2,0,298,0.625138543357152,"4.5981212180450183E-2"
195,197,"E",2,0,0,5,2,1,1,30,76,151,61,1,0,330,0.53073137830877,"3.7526296379376316E-2"
196,198,"L",1,0,1,2,0,1,1,9,29,87,86,13,2,232,0.776437122956911,"6.2919936468187651E-2"
197,199,"L",0,0,1,1,0,0,1,6,23,157,144,45,92,470,0.806555444564731,"4.9734549692214594E-2"
198,200,"T",2,3,8,8,3,2,1,41,125,278,132,5,59,667,0.57278161487169,"3.0844533463402223E-2"
199,201,"L",4,0,1,1,1,0,1,13,44,147,60,2,5,279,0.608331381187158,"4.5900480053996412E-2"
200,202,"A",0,1,0,2,0,2,13,43,43,39,11,0,0,154,0.268229207922402,"2.5471902405983245E-2"
201,203,"S",10,78,401,239,12,0,2,14,8,5,2,0,0,771,0.00581237803360574,"2.9593044173623019E-4"
202,204,"R",30,183,389,70,3,0,1,0,1,1,0,0,1,679,0.00309162926458962,"1.6534065008033289E-4"
203,205,"Q",124,336,134,10,1,1,0,0,0,0,0,0,0,606,0.00181923918505586,"1.0167138277430907E-4"
204,206,"Q",49,92,29,1,0,0,0,0,0,0,0,0,1,172,0.00166880054013334,"1.5183809858901115E-4"
205,207,"L",41,10,3,0,0,0,0,1,0,0,0,0,0,55,0.00127719882396239,"1.8066082246978392E-4"
206,208,"I",73,2,1,0,0,0,0,0,0,0,0,0,0,76,0.00120249468385254,"1.5008391114210406E-4"
207,209,"D",13,2,0,0,0,0,0,0,1,0,0,0,0,16,0.00123549935918718,"2.8182137216278971E-4"
208,210,"W",42,1,0,0,0,0,0,0,0,0,0,0,0,43,0.00119802532521239,"1.863972670114607E-4"
209,211,"M",170,1,2,0,1,0,0,0,0,0,0,0,0,174,0.00119561934645487,"1.0829943941756421E-4"
210,212,"E",24,2,30,482,818,571,102,0,0,0,0,0,0,2029,0.0216143539462116,"7.5674566310303523E-4"
211,213,"A",212,836,257,31,72,48,11,0,0,0,0,1,0,1468,0.00196373571358196,"7.792662886796943E-5"
212,214,"D",29,75,23,7,9,18,100,48,3,0,0,0,0,312,0.0907522669821827,"6.557608552738358E-3"
213,215,"K",6,13,3,18,11,72,248,199,10,0,0,0,0,580,0.104713879832913,"5.9522813581202568E-3"
214,216,"V",4,5,2,8,10,84,210,240,28,0,0,0,0,591,0.113296222674361,"6.3934740888397122E-3"
215,217,"A",1,2,1,8,6,55,140,174,24,0,0,0,0,411,0.116717875460356,"7.5806495982009342E-3"
216,218,"G",2,2,2,12,3,41,113,207,80,2,1,0,0,465,0.142323101695591,"8.8124555830565825E-3"
217,219,"P",0,1,1,3,0,5,26,58,25,1,0,0,0,120,0.154956104823081,"1.6206580194270008E-2"
218,220,"L",0,0,1,13,9,33,36,8,5,0,0,0,0,105,0.067050411603941,"7.3846008065594397E-3"
219,221,"L",1,0,0,42,88,240,203,11,1,0,0,0,0,586,0.0471773199798345,"2.6710543352303547E-3"
220,222,"R",1,1,0,12,32,90,102,1,1,0,0,0,0,240,0.0494146535796676,"3.9522084145687409E-3"
221,223,"S",0,0,0,26,65,103,66,3,0,0,0,0,0,263,0.0354541358532567,"2.736968907374552E-3"
222,224,"A",4,0,6,31,78,186,131,22,1,0,0,0,0,459,0.0475298232823731,"2.9578117113898783E-3"
223,225,"L",1,34,369,473,45,36,25,3,0,1,0,0,1,988,0.00849540863221166,"3.9295169802531767E-4"
224,226,"P",10,79,252,97,16,7,3,2,0,0,0,0,0,466,0.00451904244641724,"2.7958051770698251E-4"
225,227,"A",7,24,99,214,202,44,1,0,0,1,0,0,0,592,0.0145096838754862,"8.1826746559163764E-4"
226,228,"G",234,489,69,59,50,12,0,0,0,0,0,0,0,913,0.00165057983115366,"7.8715485252758339E-5"
227,229,"W",265,151,22,3,7,0,0,0,0,0,0,0,0,448,0.00135917492929331,"8.5380087911853496E-5"
228,230,"F",96,21,3,0,3,0,0,0,0,0,0,0,1,124,0.00126071708140319,"1.3019349296935454E-4"
229,231,"I",82,8,0,1,1,1,1,0,0,0,0,2,0,96,0.00121955870724725,"1.3905595050465829E-4"
230,232,"A",55,1,1,0,0,0,0,0,1,0,0,0,0,58,0.00120088105149899,"1.6640991264731244E-4"
231,233,"D",48,0,0,0,1,0,0,0,0,0,0,0,0,49,0.00119091187733032,"1.7615686697319268E-4"
232,234,"K",12,0,0,0,0,0,0,0,0,0,0,0,0,12,0.00119091187733032,"3.0364233210022142E-4"
233,235,"S",13,0,0,0,0,0,0,0,0,0,0,0,0,13,0.00119091187733032,"2.9438073358485932E-4"
234,236,"G",148,361,89,0,0,0,0,0,0,0,0,0,0,598,0.00173259036581877,"9.732812813072329E-5"
235,237,"A",70,118,48,210,151,25,1,0,0,0,0,0,0,623,0.0141814037739403,"7.8411214804869841E-4"
236,238,"G",7,19,11,93,81,103,164,36,0,0,0,0,0,514,0.0539883340468902,"3.2157555898853604E-3"
237,240,"E",2,6,1,14,14,16,54,11,22,113,88,5,0,346,0.712325509653982,"4.9451774611176308E-2"
238,241,"R",2,0,0,2,0,1,6,3,13,91,97,33,1,249,0.86191066422037,"6.7960871707812995E-2"
239,242,"G",0,0,0,2,0,1,1,7,65,173,93,5,0,347,0.646989109425071,"4.4865787759350753E-2"
240,243,"S",0,0,0,3,0,1,2,68,130,85,25,1,0,315,0.356514849784515,"2.5665945851137777E-2"
241,244,"R",0,3,6,151,244,67,17,20,14,19,5,1,0,547,0.0187059983235881,"1.0876912371672533E-3"
242,245,"G",35,1,2,35,78,29,4,2,4,3,1,0,0,194,0.0197383615504027,"1.7141848961723394E-3"
243,246,"I",33,0,0,2,5,2,1,0,1,0,0,0,0,44,0.00119091187733032,"1.8364929891243035E-4"
244,247,"I",41,0,1,2,1,1,0,0,0,1,1,0,0,48,0.00119701921052517,"1.7847878275453313E-4"
245,248,"A",117,1,0,0,0,0,1,0,0,1,0,0,0,120,0.00119347467977413,"1.2482336936433565E-4"
246,249,"A",54,0,0,0,0,0,0,0,0,0,0,0,0,54,0.00119091187733032,"1.6965594223341453E-4"
247,250,"L",45,0,0,1,1,0,1,0,1,0,0,1,0,50,0.00119091187733032,"1.7478496378133245E-4"
248,251,"G",83,0,0,0,0,0,0,0,0,0,0,0,0,83,0.00119091187733032,"1.4365549362897257E-4"
249,252,"P",9,0,0,2,0,3,24,129,147,47,0,0,0,361,0.236563702062147,"1.6155434943259352E-2"
250,254,"D",5,1,1,1,0,1,11,56,60,85,65,13,0,299,0.480444948326158,"3.5292686255244204E-2"
251,255,"G",2,1,0,1,0,1,2,9,33,145,133,17,0,344,0.754156227442709,"5.2473379836745777E-2"
252,256,"K",1,0,0,1,0,0,1,2,11,44,63,10,0,133,0.861906227081503,"8.6627397489152796E-2"
253,257,"P",0,1,0,4,3,21,217,211,6,11,17,5,0,496,0.119423759893368,"7.2121568857377808E-3"
254,258,"S",4,28,327,253,48,2,68,47,1,5,1,0,0,784,0.0076928109621001,"3.8914421458655909E-4"
255,259,"R",44,1,9,15,5,0,10,7,1,0,1,0,0,93,0.00124815125150854,"1.4407550461857278E-4"
256,260,"I",274,1,7,1,0,0,0,3,0,0,0,0,0,286,0.00119839738620904,"8.9559782916585445E-5"
257,261,"V",134,1,2,1,0,0,0,0,0,0,0,0,0,138,0.00119688091846139,"1.1858877166137652E-4"
258,262,"V",41,0,0,1,0,0,1,0,0,0,0,0,0,43,0.00119091187733032,"1.8529050639768882E-4"
259,263,"I",53,0,0,0,0,0,0,1,0,0,0,0,0,54,0.00119091187733032,"1.6965594223341453E-4"
260,264,"Y",55,1,0,0,0,0,0,0,0,2,0,0,0,58,0.00119635121083161,"1.6578219819647321E-4"
261,265,"T",25,94,899,1058,240,2,1,0,0,2,0,0,0,2321,0.00852770533858881,"2.8342733950759998E-4"
262,266,"T",8,52,299,295,79,1,0,0,0,0,0,0,0,734,0.00799997430633493,"4.1513566972612841E-4"
263,267,"G",1,5,24,34,17,26,182,238,68,2,0,0,1,598,0.134268398807749,"7.5425167892423668E-3"
264,268,"S",4,2,34,185,361,297,31,25,5,0,0,0,0,944,0.0216870199774147,"1.0209666396850379E-3"
265,269,"Q",4,3,34,283,505,538,56,3,1,1,0,0,0,1428,0.0228436766378339,"9.1624585203664978E-4"
266,270,"A",7,4,58,309,532,434,42,2,0,0,0,0,0,1388,0.0211549592519113,"8.5789335451428412E-4"
267,271,"T",3,2,31,248,363,289,64,10,0,0,0,0,0,1010,0.0219518368410284,"1.0067562359902186E-3"
268,272,"M",3,3,20,111,256,239,35,8,0,0,0,0,0,675,0.0233112147239657,"1.2495400442091786E-3"
269,273,"D",5,8,82,326,313,108,4,0,0,0,0,0,0,846,0.0159410243969112,"7.8297830717434568E-4"
270,274,"E",2,2,40,119,160,323,247,13,0,0,1,0,0,907,0.0431373021545787,"2.062456484875626E-3"
271,275,"R",0,1,8,43,97,318,375,38,0,0,0,0,0,880,0.0544641803403516,"2.6346444330566051E-3"
272,276,"N",2,1,23,107,127,94,37,7,0,0,0,0,0,398,0.0219132844390906,"1.441048378325081E-3"
273,277,"R",2,5,25,169,256,136,6,0,0,0,0,0,0,599,0.0188205062912509,"1.0565570588279823E-3"
274,278,"Q",12,72,525,409,113,40,1,0,0,0,0,0,0,1172,0.00833770050267483,"3.6099163550639161E-4"
275,279,"I",113,26,174,98,40,8,2,0,0,0,0,0,0,461,0.00159167440497921,"9.8884405853412317E-5"
276,280,"A",83,4,25,12,6,1,1,0,0,0,0,0,0,132,0.00127862396063359,"1.2888624205732371E-4"
277,281,"E",87,1,4,5,4,1,0,0,0,0,0,0,0,102,0.0012058183171562,"1.3430106117261816E-4"
278,282,"I",84,0,0,2,0,0,0,0,0,0,0,0,0,86,0.00119091187733032,"1.4169501121594723E-4"
279,283,"G",88,0,2,0,0,0,0,0,0,0,0,0,0,90,0.00119660324356534,"1.3988919096683439E-4"
280,284,"A",66,0,1,0,0,0,0,0,0,0,0,1,0,68,0.0011947074638355,"1.5567055064344925E-4"
281,285,"S",28,0,0,1,2,0,0,0,0,0,1,0,0,32,0.00119091187733032,"2.0773631283084058E-4"
282,286,"L",4,1,0,0,0,1,0,0,0,0,0,0,0,6,0.00126179038507388,"4.2069612690445285E-4"
283,287,"I",8,10,3,0,1,0,0,0,0,0,0,0,0,22,0.00154575969712127,"3.1170964182124168E-4"
284,288,"K",3,2,3,0,0,0,0,0,0,0,0,0,0,8,0.00156249249644874,"4.6606656609873501E-4"
