"position","experimental_fitness","indelie_pred"
1,0.0107500406278972,0.0651617487742537
2,0.825869594219112,0.0661094914467853
3,0.856651815572006,0.0729444419666407
4,0.6992582602317,0.0583996752981574
5,0.72699941376414,0.0657062594433057
6,0.530333455460335,0.0704140762702957
7,0.663852942558554,0.0644600410177288
8,0.776785200945807,0.0467948860538558
9,0.725956460576085,0.069401844019446
10,0.822497896619547,0.07242491777795
11,0.346374992371812,0.0752771641796989
12,0.637813319239341,0.0790704898170846
13,0.748758838908732,0.0741392717209902
15,1.17756138599162,0.0794598576216369
16,0.951043463448623,0.0749227495976098
17,0.00143193740836497,0.0717328524978757
18,0.145775219190058,0.0560789909171422
19,0.241495002891631,0.068590846062886
20,0.285145567890382,0.0716449749282747
21,0.182512639910833,0.0559129113947255
22,0.179255365007063,0.321680474638937
25,0.378354073844894,1.70040765502909
26,0.455550338331511,1.68538495487206
27,0.0107872572922424,1.6856595158415
28,0.00287849083767481,1.89395340503324
29,0.00286159161045844,1.79769908821482
30,0.00226110236066006,1.87017006536856
31,0.00159333009029694,1.8480761740311
32,0.00160695705239385,1.79566831905257
33,0.0178003453414308,1.69434786385762
34,0.00660691592216601,1.82002738122584
35,0.0395297931998966,1.67359229121816
36,0.632592655136575,1.66512521982658
37,0.511388548383316,1.6761952549511
38,0.607170136973514,1.69229740444909
39,0.298611884268832,1.77725426895996
40,0.668491617403281,1.77446232336415
41,0.0398506578306903,2.00831059370027
42,0.00119091187733032,1.97376965119272
43,0.00119091187733032,2.03055196194362
44,0.00119091187733032,2.0149907481624
45,0.00119091187733032,1.95902286028613
46,0.00119091187733032,1.85467312512093
47,0.00119091187733032,1.96669203158723
48,0.00180022246074387,1.78892952447377
49,0.0587760161446915,1.87198037576412
50,0.397561114685214,1.92495954731366
51,0.522909215984013,1.90185094948592
52,0.0136398267361304,1.87291602582895
53,0.0671805118054564,1.73498904636872
54,0.0182941339261763,1.99113981877411
55,0.0610336441078175,2.07188942840845
56,0.00512988180745897,2.04881260464754
57,0.00208080906496935,1.99438860756101
58,0.00123837888434774,1.87883098646587
59,0.00121712337716362,1.83586879513645
60,0.0261408602182087,1.92504573303226
61,0.0101192063634886,1.88041820143517
62,0.00999023053327665,1.82012287022937
63,0.00122920118288031,1.72157853776891
64,0.00119091187733032,1.9966236522382
65,0.00119727238931863,1.96477023360805
66,0.00119091187733032,1.6246599076621
67,0.00119091187733032,1.94527956017113
68,0.00119091187733032,1.96374029895287
69,0.00119091187733032,1.99427030563727
70,0.00119091187733032,1.90880733530453
71,0.00119091187733032,1.76802955633885
72,0.00119091187733032,1.94188080847795
73,0.00119091187733032,1.99729061020785
74,0.00119091187733032,1.97354721826956
75,0.00119091187733032,2.16195481138062
77,0.00121172103378659,2.18089545937741
78,0.00119091187733032,2.15132478521266
79,0.00119091187733032,2.10367764301674
80,0.00125859778810657,1.98633991675827
81,0.00221500215544036,2.08817515976635
82,0.00429965654434649,1.9712064433759
83,0.00360811953745871,1.94216258229923
84,0.00922767289038998,1.95855348324368
85,0.0235496146707939,1.77991630328811
86,0.0569267150508916,1.68634947084744
87,0.0195807391996257,1.72613553889533
88,0.0244454892403185,1.72630435751723
89,0.00465855029345125,1.68770057312823
90,0.00267699975267995,1.56367124708992
91,0.00430818886025955,1.68434577576713
92,0.0044472519868518,2.0222577493452
93,0.00123657996549024,2.0104621573511
94,0.00571026271930832,1.64374857352643
95,0.00244868876810961,1.60636724350155
96,0.0864511743589469,1.58868254659869
97,0.108432470997891,1.49265076874128
98,0.0815363248795166,1.57199256736689
99,0.0646012682322032,1.54292786477475
100,0.00452848813631444,1.35111505699897
101,0.0231855695394433,1.26689480918847
102,0.0146471297559442,1.34221538021414
103,0.00417030804676595,1.28499730771884
104,0.0014947254557044,1.26040275574146
105,0.00161853495349785,1.14573966862214
106,0.00153329213791057,1.2531902938236
107,0.00149369695555637,1.54345142824034
108,0.0683395627808401,1.49954395878299
109,0.0819708019002419,1.37277260447235
110,0.0897818271310145,1.5394024740258
111,0.239024681688156,1.63852416102451
112,0.311940732255696,1.59291391156918
113,0.176277374768631,1.54494231038167
114,0.0280303069975534,1.45942964146043
115,0.00121192696549931,2.42964655470584
116,0.00119671917355508,2.37869545198126
117,0.00119091187733032,2.28474853980051
118,0.00119091187733032,2.2821505876564
119,0.00119091187733032,2.26685917081132
120,0.00119091187733032,2.30595213826152
121,0.00119091187733032,2.46784093433501
122,0.00119091187733032,2.41521623285558
123,0.00119091187733032,2.46923632975029
124,0.00119091187733032,2.45641012984852
125,0.00119091187733032,2.41401406346035
126,0.00157980855080591,2.30419755353011
127,0.00127394290127439,2.41994491828607
128,0.00122208491654052,1.55064612140386
129,0.0012271131666685,1.4766669456393
130,0.00120442282962724,1.90325359404706
131,0.00119091187733032,1.93813580690766
132,0.00119091187733032,1.91672051666112
133,0.00119091187733032,2.13167387574523
134,0.00119091187733032,2.04156029023125
135,0.00119091187733032,2.12542103324294
136,0.00119091187733032,2.1028134424817
137,0.00119091187733032,2.05222228115962
138,0.00167958783774284,1.9264725069183
139,0.0016460513608168,2.06380258185321
140,0.00206748241574979,1.93187516696538
141,0.118388019052199,1.55477915866555
142,0.122110080609827,1.54042857361639
143,0.00241229571852796,1.94150274377977
144,0.00187298634526354,1.91799310360154
145,0.00161069188965525,1.93202070470602
146,0.00124511166837752,1.93848970495514
147,0.00119091187733032,2.14066628958976
148,0.00121429598400298,2.06547273429058
149,0.00119091187733032,2.11651601232138
150,0.00119573944108824,2.11749373464497
151,0.0014476388591347,2.01404757632413
152,0.00132087720309072,1.94025209806445
153,0.00149863254837398,2.06720580702259
154,0.0181844883606269,1.33778423969585
155,0.00121802589204454,1.27549177360194
156,0.00139883640434606,1.51332405024958
157,0.0022918404949734,1.43409111271608
158,0.00151596957846804,1.50378536616454
159,0.00132262401298165,1.4579178212171
160,0.00125051345443464,1.44454209935618
161,0.00207512359413373,1.29045551580037
162,0.00203524424000602,1.41042296242724
163,0.00217304076166178,1.28146205529275
164,0.00193400083654798,1.27038522638513
165,0.00319919667356685,1.28685067720558
166,0.153248299917104,1.55872443213507
167,0.0091635834690014,1.55172479724964
168,0.0190408469830185,1.48716748545153
169,0.290322107520697,1.38171314879069
170,0.359636161879044,1.58453227559321
171,0.588863750804016,1.51913359015575
172,0.357582053358529,1.57300754266275
173,0.182607308801025,1.55234321942704
174,0.0162159429123547,1.46892346792712
175,0.0187978434976757,1.39245535879782
176,0.106159684661058,1.47316670398212
177,0.00156124931062541,1.30359337644829
178,0.00127349765463855,2.01777353355592
179,0.00121137533518954,2.0044199112362
180,0.00229477530432016,1.62356296037607
181,0.00184069524817983,1.92002789936006
182,0.00120964745375438,1.93113186992669
183,0.00119091187733032,1.90181270366363
184,0.00119091187733032,1.93468911091411
185,0.0011996874373215,2.14132819373397
186,0.00119091187733032,2.04517410979987
187,0.00119091187733032,2.11670669904903
188,0.00119091187733032,2.11547576433136
189,0.00333925753534969,2.03089350503806
190,0.0067025152010046,1.92196089329479
191,0.00854059031368336,2.08116656433264
192,0.0356702232636635,1.92414493388036
193,0.282310904913493,1.92585572446285
194,0.625138543357152,1.53941556879553
195,0.53073137830877,1.56172347136055
196,0.776437122956911,1.56170703280421
197,0.806555444564731,1.51385632638487
198,0.57278161487169,1.39584558296673
199,0.608331381187158,1.91890836968716
200,0.268229207922402,1.92631784627554
201,0.00581237803360574,1.91972700840197
202,0.00309162926458962,2.11620041837579
203,0.00181923918505586,2.04722834690356
204,0.00166880054013334,2.1134900203168
205,0.00127719882396239,2.12186377640723
206,0.00120249468385254,2.05350001349533
207,0.00123549935918718,1.9384048954217
208,0.00119802532521239,2.03366447935071
209,0.00119561934645487,1.94150014775155
210,0.0216143539462116,1.90975871384501
211,0.00196373571358196,1.912057010084
212,0.0907522669821827,1.51427287919829
213,0.104713879832913,1.42546684695891
214,0.113296222674361,1.50531926237081
215,0.116717875460356,1.47788875945715
216,0.142323101695591,1.42503547667795
217,0.154956104823081,1.33810087433966
218,0.067050411603941,1.45956682742163
219,0.0471773199798345,1.56818666110482
220,0.0494146535796676,1.47783145274592
221,0.0354541358532567,1.3903646035156
222,0.0475298232823731,1.53598406681235
223,0.00849540863221166,1.59800031518499
224,0.00451904244641724,1.5552071669585
225,0.0145096838754862,1.49381339519021
226,0.00165057983115366,1.39850679381252
227,0.00135917492929331,1.50923942710408
228,0.00126071708140319,1.79925997326363
229,0.00121955870724725,2.04062925598078
230,0.00120088105149899,1.96082071701906
231,0.00119091187733032,1.98647858339995
232,0.00119091187733032,1.95010247543168
233,0.00119091187733032,1.94522207932003
234,0.00173259036581877,1.85216054809644
235,0.0141814037739403,1.95632249124533
236,0.0539883340468902,1.82302535525541
237,0.712325509653982,1.90416449075411
238,0.86191066422037,1.86136279595528
239,0.646989109425071,1.84639795575315
240,0.356514849784515,1.83516052955269
241,0.0187059983235881,2.00966992909346
242,0.0197383615504027,1.95583473855206
243,0.00119091187733032,2.03094973171341
244,0.00119701921052517,2.01046610750622
245,0.00119347467977413,1.94683653357015
246,0.00119091187733032,1.87213584796069
247,0.00119091187733032,1.95266814424887
248,0.00119091187733032,1.82018749190369
249,0.236563702062147,1.82629486710175
250,0.480444948326158,1.88600773839789
251,0.754156227442709,1.87531216562039
252,0.861906227081503,1.80115224145174
253,0.119423759893368,1.70540324244952
254,0.0076928109621001,1.83064522435374
255,0.00124815125150854,2.03820979084557
256,0.00119839738620904,1.98501848813761
257,0.00119688091846139,2.03110599522506
258,0.00119091187733032,1.990516754222
259,0.00119091187733032,1.96844287329997
260,0.00119635121083161,1.84462711246062
261,0.00852770533858881,1.97079586619119
262,0.00799997430633493,1.81739685811844
263,0.134268398807749,1.63064841095672
264,0.0216870199774147,1.70338402087844
265,0.0228436766378339,1.66180250535228
266,0.0211549592519113,1.62220829424911
267,0.0219518368410284,1.52746465179042
268,0.0233112147239657,1.46950045446787
269,0.0159410243969112,1.47299286965966
270,0.0431373021545787,1.47697280513373
271,0.0544641803403516,1.48013222194272
272,0.0219132844390906,1.68938748633486
273,0.0188205062912509,1.59993981919671
274,0.00833770050267483,1.67485379834783
275,0.00159167440497921,1.66288720964683
276,0.00127862396063359,1.60266337963245
277,0.0012058183171562,1.50296696538001
278,0.00119091187733032,1.62434418459333
279,0.00119660324356534,1.48453026103411
280,0.0011947074638355,1.46973214561737
281,0.00119091187733032,1.46861095303154
282,0.00126179038507388,1.47327079417847
283,0.00154575969712127,1.48291201032628
284,0.00156249249644874,1.45943745686569
